{"cameraMode":{"drawMode":0,"name":"Shaded","section":"Shading Mode"},"sceneLighting":true,"audioPlay":false,"sceneViewState":{"showFog":true,"showMaterialUpdate":false,"showSkybox":true,"showFlares":true,"showImageEffects":true,"showParticleSystems":true},"in2DMode":false,"pivot":{"x":0.016373634338378907,"y":1.5468839406967164,"z":-0.12123966217041016},"rotation":{"x":-0.042161572724580768,"y":-0.897705614566803,"z":0.088083915412426,"w":-0.4296562969684601},"size":6.883337497711182,"orthographic":false}