{"cameraMode":{"drawMode":0,"name":"Shaded","section":"Shading Mode"},"sceneLighting":true,"audioPlay":false,"sceneViewState":{"showFog":true,"showMaterialUpdate":false,"showSkybox":true,"showFlares":true,"showImageEffects":true,"showParticleSystems":true},"in2DMode":false,"pivot":{"x":-2.150620222091675,"y":-0.8095970153808594,"z":5.98457145690918},"rotation":{"x":-0.5038825273513794,"y":-0.024094844236969949,"z":0.014064615592360497,"w":-0.8633317947387695},"size":19.118783950805665,"orthographic":false}