{"cameraMode":{"drawMode":0,"name":"Shaded","section":"Shading Mode"},"sceneLighting":true,"audioPlay":false,"sceneViewState":{"showFog":true,"showMaterialUpdate":false,"showSkybox":true,"showFlares":true,"showImageEffects":true,"showParticleSystems":true},"in2DMode":false,"pivot":{"x":4.069914817810059,"y":-0.026803970336914064,"z":10.307535171508789},"rotation":{"x":0.281112939119339,"y":0.236129492521286,"z":-0.0715741515159607,"w":0.9274212718009949},"size":36.63427734375,"orthographic":false}