{"cameraMode":{"drawMode":0,"name":"Shaded","section":"Shading Mode"},"sceneLighting":false,"audioPlay":false,"sceneViewState":{"showFog":true,"showMaterialUpdate":false,"showSkybox":false,"showFlares":true,"showImageEffects":true,"showParticleSystems":true},"in2DMode":false,"pivot":{"x":1.5570000410079957,"y":1.8925244808197022,"z":0.14962244033813477},"rotation":{"x":-0.06608683615922928,"y":0.07237627357244492,"z":-0.0048034233041107658,"w":-0.9951791167259216},"size":1.5458388328552247,"orthographic":false}