{"cameraMode":{"drawMode":0,"name":"Shaded","section":"Shading Mode"},"sceneLighting":false,"audioPlay":false,"sceneViewState":{"showFog":true,"showMaterialUpdate":false,"showSkybox":false,"showFlares":true,"showImageEffects":true,"showParticleSystems":true},"in2DMode":false,"pivot":{"x":-5.920000076293945,"y":1.5,"z":9.420000076293946},"rotation":{"x":0.26800772547721865,"y":0.11443297564983368,"z":-0.032087307423353198,"w":0.9560645222663879},"size":4.673734188079834,"orthographic":false}