{"cameraMode":{"drawMode":0,"name":"Shaded","section":"Shading Mode"},"sceneLighting":true,"audioPlay":false,"sceneViewState":{"showFog":true,"showMaterialUpdate":false,"showSkybox":true,"showFlares":true,"showImageEffects":true,"showParticleSystems":true},"in2DMode":false,"pivot":{"x":1.0669739246368409,"y":1.996753215789795,"z":-0.1472097635269165},"rotation":{"x":-0.25355392694473269,"y":0.057128094136714938,"z":-0.015000810846686364,"w":-0.9655217528343201},"size":3.2563347816467287,"orthographic":false}