{"cameraMode":{"drawMode":0,"name":"Shaded","section":"Shading Mode"},"sceneLighting":true,"audioPlay":false,"sceneViewState":{"showFog":true,"showMaterialUpdate":false,"showSkybox":true,"showFlares":true,"showImageEffects":true,"showParticleSystems":true},"in2DMode":false,"pivot":{"x":-5.331011772155762,"y":1.815300703048706,"z":7.76353645324707},"rotation":{"x":-0.3668367564678192,"y":-0.2871395945549011,"z":0.12018796056509018,"w":-0.8766835331916809},"size":5.769087791442871,"orthographic":false}